source,source_job_id,title,company,location,is_remote,url,apply_url,company_logo,company_id,company_link,industry,function,job_type,employment_type,min_experience,max_experience,min_salary,max_salary,currency,skills,description_text,description,is_active,posted_at,expires_at,applicant_count
instahyre,427655,SDE 2 - Data & Reporting,Nykaa,"Delhi, Gurgaon, Noida",False,https://www.instahyre.com/job-427655-sde-2-data-reporting-at-nykaa-delhi-gurgaon-noida/,https://www.instahyre.com/job-427655-sde-2-data-reporting-at-nykaa-delhi-gurgaon-noida/,https://media.instahyre.com/images/profile/base/employer/1961/6d3ed58ed9/nykaa.webp,1961,http://www.nykaa.com/,,"Backend Development, Big Data / DWH / ETL",Full Time,Full-time,2,5,,,,"Databricks, backend, Spark, Apache Spark, data","We are looking for a highly motivated Software Development Engineer II (SDE II) - Data and Reporting to join our growing technology team. This role is ideal for engineers who enjoy working at the intersection of data engineering, backend development, and analytics, transforming raw data into actionable insights that drive key business decisions. You will be responsible for building scalable data pipelines, integrating multiple data sources, and enabling reporting solutions that support functions such as Sales, Revenue, Billing, Traffic Analysis, User Engagement, and Business Operations.
Responsibilities:
Design, develop, and maintain scalable data pipelines using Apache Spark (Scala/PySpark) and Databricks.
Build and manage data processing workflows to support reporting and analytics requirements.
Work with both structured and unstructured datasets to create and maintain curated data layers (Bronze, Silver, Gold architecture).
Develop integrations with internal services, APIs, and third-party data sources for data ingestion and transformation.
Collaborate with cross-functional teams to deliver business reports and dashboards using BigQuery, Looker, or similar BI tools.
Partner with engineering and business stakeholders to improve data quality, reliability, lineage, and performance.
Monitor, troubleshoot, and resolve data inconsistencies and reporting issues.
Ensure timely and accurate delivery of critical business insights and operational reports.
Requirements:
3+ years of experience in Data Engineering, Backend Engineering, or a related role.
Strong programming skills in Scala, Python, and/or Java.
Hands-on experience with Apache Spark and Databricks.
Good understanding of large-scale data processing and distributed computing.
Experience with Google BigQuery, Looker, or other business intelligence/reporting platforms.
Knowledge of backend development concepts, including RESTful APIs, Java/Python-based services, MySQL/PostgreSQL databases
Experience building batch and near real-time data pipelines on cloud platforms such as GCP, AWS, or Azure.
Strong analytical, troubleshooting, and problem-solving skills.
Ability to work independently in a fast-paced environment.","<p>We are looking for a highly motivated Software Development Engineer II (SDE II) - Data and Reporting to join our growing technology team. This role is ideal for engineers who enjoy working at the intersection of data engineering, backend development, and analytics, transforming raw data into actionable insights that drive key business decisions. You will be responsible for building scalable data pipelines, integrating multiple data sources, and enabling reporting solutions that support functions such as Sales, Revenue, Billing, Traffic Analysis, User Engagement, and Business Operations.</p><p><br></p><p><strong>Responsibilities: </strong></p><ul><li>Design, develop, and maintain scalable data pipelines using Apache Spark (Scala/PySpark) and Databricks.</li><li>Build and manage data processing workflows to support reporting and analytics requirements.</li><li>Work with both structured and unstructured datasets to create and maintain curated data layers (Bronze, Silver, Gold architecture).</li><li>Develop integrations with internal services, APIs, and third-party data sources for data ingestion and transformation.</li><li>Collaborate with cross-functional teams to deliver business reports and dashboards using BigQuery, Looker, or similar BI tools.</li><li>Partner with engineering and business stakeholders to improve data quality, reliability, lineage, and performance.</li><li>Monitor, troubleshoot, and resolve data inconsistencies and reporting issues.</li><li>Ensure timely and accurate delivery of critical business insights and operational reports.</li></ul><p><br></p><p><strong>Requirements: </strong></p><ul><li>3+ years of experience in Data Engineering, Backend Engineering, or a related role.</li><li>Strong programming skills in Scala, Python, and/or Java.</li><li>Hands-on experience with Apache Spark and Databricks.</li><li>Good understanding of large-scale data processing and distributed computing.</li><li>Experience with Google BigQuery, Looker, or other business intelligence/reporting platforms.</li><li>Knowledge of backend development concepts, including RESTful APIs, Java/Python-based services, MySQL/PostgreSQL databases</li><li>Experience building batch and near real-time data pipelines on cloud platforms such as GCP, AWS, or Azure.</li><li>Strong analytical, troubleshooting, and problem-solving skills.</li><li>Ability to work independently in a fast-paced environment.</li></ul>",True,,,
instahyre,419015,Junior Backend Engineer,Hawk MarTech,"Delhi, Gurgaon, Noida",False,https://www.instahyre.com/job-419015-junior-backend-engineer-at-hawk-martech-delhi-gurgaon-noida/,https://www.instahyre.com/job-419015-junior-backend-engineer-at-hawk-martech-delhi-gurgaon-noida/,https://media.instahyre.com/images/profile/base/employer/52806/34247a5556/hawkmartech_logo.webp,52806,https://www.linkedin.com/company/hawkmartech/about/,Computer Software / IT / Internet,Backend Development,Full Time,Full-time,1,4,,,,"Microservices, Java, TCP, Python, Data Structures, Algorithms, Kafka, UDP","We are building a communication platform that handles millions of concurrent connections and delivers messages in milliseconds. As a Backend Engineer, you won't just be building features; you'll be optimizing the pipes that keep the massively scalable messaging running. You will work on massive-scale socket management, encryption protocols, and globally distributed databases.
Responsibilities:
API Design: Build and document performant, secure APIs that power our mobile and web applications.
System Design: Design systems that scale to millions of users messaging each other simultaneously.
Network optimizations: Ensure maximum network throughput by optimizing every packet that gets transferred through the network.
Data Reliability: Optimize database queries and schema designs for lightning-fast message retrieval and archival.
System Monitoring: Deploy and monitor microservices using automated pipelines, ensuring ""five nines"" (99.999%) uptime.
Requirements:
Computer Science Enthusiast: You have a solid grasp of CS fundamentalsData Structures, Algorithms, and Operating Systems.
Network Savvy: You understand how the Load Balancers, reverse/forward proxy, and CDN actually work.
Curious and Scrappy: You have a GitHub full of side projects or a history of breaking (and fixing) things.
Performance Obsessed: You hate bloat and constantly keep optimizing and simplifying even if not asked.
The Tech Stack:
Languages: Java, Python (we prioritize strong understanding and experience in multi-threading).
Infrastructure: Distributed systems and Linux-based environments.
Data: MySql or Postgres and NoSQL (e. g., MongoDB and HBase/BigTable) and Redis (caching).
Bonus Points:
Experience with gRPC.
Contributions to open-source projects.","<p>We are building a communication platform that handles millions of concurrent connections and delivers messages in milliseconds. As a Backend Engineer, you won't just be building features; you'll be optimizing the pipes that keep the massively scalable messaging running. You will work on massive-scale socket management, encryption protocols, and globally distributed databases.</p><p><br></p><p><strong>Responsibilities: </strong></p><ul><li>API Design: Build and document performant, secure APIs that power our mobile and web applications.</li><li>System Design: Design systems that scale to millions of users messaging each other simultaneously.</li><li>Network optimizations: Ensure maximum network throughput by optimizing every packet that gets transferred through the network.</li><li>Data Reliability: Optimize database queries and schema designs for lightning-fast message retrieval and archival.</li><li>System Monitoring: Deploy and monitor microservices using automated pipelines, ensuring ""five nines"" (99.999%) uptime.</li></ul><p><br></p><p><strong>Requirements: </strong></p><ul><li>Computer Science Enthusiast: You have a solid grasp of CS fundamentalsData Structures, Algorithms, and Operating Systems.</li><li>Network Savvy: You understand how the Load Balancers, reverse/forward proxy, and CDN actually work.</li><li>Curious and Scrappy: You have a GitHub full of side projects or a history of breaking (and fixing) things.</li><li>Performance Obsessed: You hate bloat and constantly keep optimizing and simplifying even if not asked.</li></ul><p><strong> </strong></p><p><strong>The Tech Stack: </strong></p><ul><li>Languages: Java, Python (we prioritize strong understanding and experience in multi-threading).</li><li>Infrastructure: Distributed systems and Linux-based environments.</li><li>Data: MySql or Postgres and NoSQL (e. g., MongoDB and HBase/BigTable) and Redis (caching).</li></ul><p><br></p><p><strong>Bonus Points: </strong></p><ul><li>Experience with gRPC.</li><li>Contributions to open-source projects.</li></ul>",True,,,
instahyre,417907,Sr. Backend Engineer,SentiLink,"Delhi, Gurgaon, Noida",False,https://www.instahyre.com/job-417907-sr-backend-engineer-at-sentilink-delhi-gurgaon-noida/,https://www.instahyre.com/job-417907-sr-backend-engineer-at-sentilink-delhi-gurgaon-noida/,https://media.instahyre.com/images/profile/base/employer/50424/629164a506/1631337596086.webp,50424,https://www.linkedin.com/company/sentilink/,Computer Software / IT / Internet,Backend Development,Full Time,Full-time,2,6,,,,"JavaScript, TypeScript, AWS CloudFormation, Node.js, Express.js, Next.js","We are seeking a Backend and Platform Engineer to play a pivotal role in building our Low-Code platform. As the first platform engineer on the team, you will have the unique opportunity to shape the technical direction of the company and design and develop the platform from scratch. You will also get to collaborate with other software functions and to build some of the coolest engineering in health.
Responsibilities:
System Architecture: HealthBlox seeks to leverage a plug-and-play approach to deploy health tools. Strong design and architectural creativity are a must in such an environment.
Product Development: Contribute to product ideation and innovation and work with customers and industry experts to iterate and build products that everyone would love.
Coding and Implementation: Write clean, efficient, and maintainable code while following best practices for software development.
Technical Creativity: Lead the development of our platform from the ground up, making critical technical decisions that align with the company's vision and objectives. Navigating ambiguities should be bread and butter.
Testing and Quality Assurance: Develop and implement thorough testing protocols to ensure the reliability, safety, and compliance with industry regulations. Debug and resolve software issues as they arise.
Team Building: As an early engineer, you will have the opportunity to build and mentor a team of software engineers as the company expands.
Requirements:
Strong problem-solving skills and the ability to work in a dynamic, fast-paced environment.
Full-stack development experience, with a focus on backend technologies (80/20 split).
We mostly write in Node.js but are flexible in our approach.
In-depth knowledge of AWS/other cloud platforms.
Exposure to or willingness to learn event-driven software architecture and serverless programming and orchestration.
Ideal candidate has exposure to FHIR (if not, you can pick this up on the job).
Experience in healthcare or medical technology is a plus.
Exposure to Terraform is a plus.
Excellent communication and teamwork skills.
A sense of silly idealism in wanting to make the world a better place.","<p>We are seeking a Backend and Platform Engineer to play a pivotal role in building our Low-Code platform. As the first platform engineer on the team, you will have the unique opportunity to shape the technical direction of the company and design and develop the platform from scratch. You will also get to collaborate with other software functions and to build some of the coolest engineering in health.</p><p><br></p><p><strong>Responsibilities: </strong></p><ul><li>System Architecture: HealthBlox seeks to leverage a plug-and-play approach to deploy health tools. Strong design and architectural creativity are a must in such an environment.</li><li>Product Development: Contribute to product ideation and innovation and work with customers and industry experts to iterate and build products that everyone would love.</li><li>Coding and Implementation: Write clean, efficient, and maintainable code while following best practices for software development.</li><li>Technical Creativity: Lead the development of our platform from the ground up, making critical technical decisions that align with the company's vision and objectives. Navigating ambiguities should be bread and butter.</li><li>Testing and Quality Assurance: Develop and implement thorough testing protocols to ensure the reliability, safety, and compliance with industry regulations. Debug and resolve software issues as they arise.</li><li>Team Building: As an early engineer, you will have the opportunity to build and mentor a team of software engineers as the company expands.</li></ul><p><br></p><p><strong>Requirements: </strong></p><ul><li>Strong problem-solving skills and the ability to work in a dynamic, fast-paced environment.</li><li>Full-stack development experience, with a focus on backend technologies (80/20 split).</li><li>We mostly write in Node.js but are flexible in our approach.</li><li>In-depth knowledge of AWS/other cloud platforms.</li><li>Exposure to or willingness to learn event-driven software architecture and serverless programming and orchestration.</li><li>Ideal candidate has exposure to FHIR (if not, you can pick this up on the job).</li><li>Experience in healthcare or medical technology is a plus.</li><li>Exposure to Terraform is a plus.</li><li>Excellent communication and teamwork skills.</li><li>A sense of silly idealism in wanting to make the world a better place.</li></ul>",True,,,
instahyre,439081,Customer Support Executive - HR Support,Great Developers Info Tech,Noida,False,https://www.instahyre.com/job-439081-customer-support-executive-hr-support-at-great-developers-info-tech-noida/,https://www.instahyre.com/job-439081-customer-support-executive-hr-support-at-great-developers-info-tech-noida/,https://media.instahyre.com/images/profile/base/employer/55776/661ad1c353/great_developers_logo.webp,55776,https://www.linkedin.com/company/great-developers/about/,Computer Software / IT / Internet,Customer Service,Full Time,Full-time,0,4,,,,"Chat / Email Support, Customer Relationship, Phone / Voice Support, Key Account Management","Responsibilities:
End-to-End Client Onboarding: Successfully transition new clients onto HRStop by setting up their employee data, leave policies, and system configurations for a seamless start.
Query Resolution and Product Support: Act as the primary point of contact to resolve daily client queries on ""how to use"" HRStop via support calls, emails, and chat.
Driving Platform Adoption: Proactively monitor client usage and handhold users to ensure they are actively adopting all available HRStop modules.
Client Training and Webinars: Conduct regular product training sessions, live webinars, and interactive workshops for client HR teams and their employees.
Product Change Communication: Own the communication of all new feature releases, system updates, and UI changes, ensuring clients understand and adapt to platform enhancements.
Grievance and Escalation Handling: Efficiently manage client complaints and coordinate closely with the product team to resolve complex technical issues.
HR Process and Payroll Assistance: Utilize foundational HR and payroll knowledge to help clients map their internal compliance, payroll structures, and HR workflows directly into HRStop.
Product Documentation: Create and update user-friendly client resources, including FAQs, user manuals, and feature guides.","<p><strong>Responsibilities: </strong></p><ul><li>End-to-End Client Onboarding: Successfully transition new clients onto HRStop by setting up their employee data, leave policies, and system configurations for a seamless start.</li><li>Query Resolution and Product Support: Act as the primary point of contact to resolve daily client queries on ""how to use"" HRStop via support calls, emails, and chat.</li><li>Driving Platform Adoption: Proactively monitor client usage and handhold users to ensure they are actively adopting all available HRStop modules.</li><li>Client Training and Webinars: Conduct regular product training sessions, live webinars, and interactive workshops for client HR teams and their employees.</li><li>Product Change Communication: Own the communication of all new feature releases, system updates, and UI changes, ensuring clients understand and adapt to platform enhancements.</li><li>Grievance and Escalation Handling: Efficiently manage client complaints and coordinate closely with the product team to resolve complex technical issues.</li><li>HR Process and Payroll Assistance: Utilize foundational HR and payroll knowledge to help clients map their internal compliance, payroll structures, and HR workflows directly into HRStop.</li><li>Product Documentation: Create and update user-friendly client resources, including FAQs, user manuals, and feature guides.</li></ul>",True,,,
instahyre,415204,Senior Business Development Associate,Newton School,Noida,False,https://www.instahyre.com/job-415204-senior-business-development-associate-at-newton-school-noida/,https://www.instahyre.com/job-415204-senior-business-development-associate-at-newton-school-noida/,https://media.instahyre.com/images/profile/base/employer/23768/9160877aac/1567795059530.webp,23768,https://www.linkedin.com/school/newtonschool/about/,"Computer Software / IT / Internet, Education / Training",Sales / Business Development,Full Time,Full-time,1,5,,,,"Corporate Sales, Telecalling, Business Development, International Sales, Business Analysis, Direct Sales, Sales","Requirements:
Prior tech sales experience is an added advantage.
1-6 years of work experience in sales, business development, and/or IT services.
Excellent and proficient verbal and written English communication skills.
An undergraduate degree in any stream.
Preferred stream: B. Tech/M. Tech/BBA.
Handling a ticket size > 50K is an added advantage.
A passion for sales and target achievement.
Preliminary knowledge of LSQ.
Has a tremendous sense of ownership.","<p><strong>Requirements: </strong></p><ul><li>Prior tech sales experience is an added advantage.</li><li>1-6 years of work experience in sales, business development, and/or IT services.</li><li>Excellent and proficient verbal and written English communication skills.</li><li>An undergraduate degree in any stream.</li><li>Preferred stream: B. Tech/M. Tech/BBA.</li><li>Handling a ticket size &gt; 50K is an added advantage.</li><li>A passion for sales and target achievement.</li><li>Preliminary knowledge of LSQ.</li><li>Has a tremendous sense of ownership.</li></ul>",True,,,
instahyre,419689,Senior Business Development Associate,Jaro Education,Noida,False,https://www.instahyre.com/job-419689-senior-business-development-associate-at-jaro-education-noida/,https://www.instahyre.com/job-419689-senior-business-development-associate-at-jaro-education-noida/,https://media.instahyre.com/images/profile/base/employer/10529/8500c8806e/0_58.webp,10529,https://www.linkedin.com/company/jaroeducationofficial/?originalSubdomain=in,Education / Training,Sales / Business Development,Full Time,Full-time,1,5,,,,"Corporate Sales, Telecalling, Business Development, International Sales, Direct Sales, Sales","Requirements:
1-6 years of work experience in sales, business development, and/or IT services.
Excellent and proficient verbal and written English communication skills.
An undergraduate degree in any stream.
Preferred stream - B. Tech/M. Tech/BBA.
Handling a ticket size > 50K is an added advantage.
A passion for sales and target achievement.
Preliminary knowledge of LSQ.
Good personality, decent energy, and aggression.","<p><strong>Requirements: </strong></p><ul><li>1-6 years of work experience in sales, business development, and/or IT services.</li><li>Excellent and proficient verbal and written English communication skills.</li><li>An undergraduate degree in any stream.</li><li>Preferred stream - B. Tech/M. Tech/BBA.</li><li>Handling a ticket size &gt; 50K is an added advantage.</li><li>A passion for sales and target achievement.</li><li>Preliminary knowledge of LSQ.</li><li>Good personality, decent energy, and aggression.</li></ul>",True,,,
instahyre,419259,Senior Business Development Associate,AlmaBetter,Noida,False,https://www.instahyre.com/job-419259-senior-business-development-associate-at-almabetter-noida/,https://www.instahyre.com/job-419259-senior-business-development-associate-at-almabetter-noida/,https://media.instahyre.com/images/profile/base/employer/36525/3ae3e2fa84/1597951995590.webp,36525,https://www.linkedin.com/company/almabetter/about/,Education / Training,Sales / Business Development,Full Time,Full-time,1,5,,,,"Corporate Sales, Telecalling, Business Development, International Sales, Direct Sales, Sales","Requirements:
Prior experience selling tech courses/certification programs/master's programs preferred.
1-6 years of work experience in sales, business development, and/or IT services.
Excellent and proficient verbal and written English communication skills.
An undergraduate degree in any stream.
Preferred stream - B. Tech/M. Tech/BBA.
Handling a ticket size > 50K is an added advantage.
A passion for sales and target achievement.
Preliminary knowledge of LSQ.","<p><strong>Requirements: </strong></p><ul><li>Prior experience selling tech courses/certification programs/master's programs preferred.</li><li>1-6 years of work experience in sales, business development, and/or IT services.</li><li>Excellent and proficient verbal and written English communication skills.</li><li>An undergraduate degree in any stream.</li><li>Preferred stream - B. Tech/M. Tech/BBA.</li><li>Handling a ticket size &gt; 50K is an added advantage.</li><li>A passion for sales and target achievement.</li><li>Preliminary knowledge of LSQ.</li></ul>",True,,,
instahyre,410650,Senior Business Development Associate,Simplilearn,Noida,False,https://www.instahyre.com/job-410650-senior-business-development-associate-at-simplilearn-2-noida/,https://www.instahyre.com/job-410650-senior-business-development-associate-at-simplilearn-2-noida/,https://media.instahyre.com/images/profile/base/employer/1917/f7dbac7491/simplilearn_logo.webp,1917,https://www.simplilearn.com/,"Computer Software / IT / Internet, Education / Training",Sales / Business Development,Full Time,Full-time,0,4,,,,"Corporate Sales, Telecalling, Business Development, International Sales, Direct Sales, Sales","Responsibilities:
Connecting with customers and fostering relationships to achieve sales targets.
Requirements:
Excellent and proficient verbal and written English communication skills.
1-6 years of work experience in sales, business development, and/or IT services.
Edtech sales experience is preferred
An undergraduate degree in any stream. Preferred stream: B. Tech/M. Tech/BBA.
Handling a ticket size > 50K is an added advantage.
A passion for sales and target achievement.
Preliminary knowledge of LSQ.","<p><strong>Responsibilities: </strong></p><ul><li>Connecting with customers and fostering relationships to achieve sales targets.</li></ul><p><br></p><p><strong>Requirements: </strong></p><ul><li>Excellent and proficient verbal and written English communication skills.</li><li>1-6 years of work experience in sales, business development, and/or IT services.</li><li>Edtech sales experience is preferred</li><li>An undergraduate degree in any stream. Preferred stream: B. Tech/M. Tech/BBA.</li><li>Handling a ticket size &gt; 50K is an added advantage.</li><li>A passion for sales and target achievement.</li><li>Preliminary knowledge of LSQ.</li></ul><p><br></p><p><br></p><p><br></p>",True,,,
instahyre,417327,Senior Business Development Associate,Coursera,Noida,False,https://www.instahyre.com/job-417327-senior-business-development-associate-at-coursera-noida/,https://www.instahyre.com/job-417327-senior-business-development-associate-at-coursera-noida/,https://media.instahyre.com/images/profile/base/employer/27289/7fdf79e485/coursera_logo.webp,27289,https://www.linkedin.com/company/coursera,Education / Training,Sales / Business Development,Full Time,Full-time,1,5,,,,"Corporate Sales, Telecalling, Business Development, International Sales, Direct Sales, Sales","Responsibilities:
Identify and connect with potential leads through calls, emails, and in-person meetings (if applicable).
Conduct product demos and present course offerings effectively.
Requirements:
1-6 years of work experience in sales, business development, and/or IT services.
Excellent and proficient verbal and written English communication skills.
An undergraduate degree in any stream.
Preferred stream - B. Tech/M. Tech/BBA.
Handling a ticket size > 50K is an added advantage.
A passion for sales and target achievement.
Preliminary knowledge of LSQ.","<p><strong>Responsibilities: </strong></p><ul><li>Identify and connect with potential leads through calls, emails, and in-person meetings (if applicable).</li><li>Conduct product demos and present course offerings effectively.</li></ul><p><br></p><p><strong>Requirements: </strong></p><ul><li>1-6 years of work experience in sales, business development, and/or IT services.</li><li>Excellent and proficient verbal and written English communication skills.</li><li>An undergraduate degree in any stream.</li><li>Preferred stream - B. Tech/M. Tech/BBA.</li><li>Handling a ticket size &gt; 50K is an added advantage.</li><li>A passion for sales and target achievement.</li><li>Preliminary knowledge of LSQ.</li></ul>",True,,,
instahyre,409437,Senior Business Development Associate,upGrad,Noida,False,https://www.instahyre.com/job-409437-senior-business-development-associate-at-upgrad-noida/,https://www.instahyre.com/job-409437-senior-business-development-associate-at-upgrad-noida/,https://static.instahyre.com/images/employers/placeholder.webp,1058,https://www.linkedin.com/school/15101462/,"Computer Software / IT / Internet, Education / Training",Sales / Business Development,Full Time,Full-time,1,5,,,,"Corporate Sales, Telecalling, Business Development, International Sales, Direct Sales, Sales","As a BDA, you are reaching out to prospects and guiding them through the existing tech landscape. With a customer-centric approach, you will qualify their career goals and identify how upGrad can help them.
Requirements:
Edtech sales experience is preferred.
1-6 years of work experience in sales, business development, and/or IT services.
Excellent and proficient verbal and written English communication skills.
An undergraduate degree in any stream. Preferred stream: B. Tech/M. Tech/BBA.
Handling a ticket size > 50K is an added advantage.
A passion for sales and target achievement.
Preliminary knowledge of LSQ.","<p>As a BDA, you are reaching out to prospects and guiding them through the existing tech landscape. With a customer-centric approach, you will qualify their career goals and identify how upGrad can help them.</p><p><br></p><p><strong>Requirements: </strong></p><ul><li>Edtech sales experience is preferred.</li><li>1-6 years of work experience in sales, business development, and/or IT services.</li><li>Excellent and proficient verbal and written English communication skills.</li><li>An undergraduate degree in any stream. Preferred stream: B. Tech/M. Tech/BBA.</li><li>Handling a ticket size &gt; 50K is an added advantage.</li><li>A passion for sales and target achievement.</li><li>Preliminary knowledge of LSQ.</li></ul>",True,,,
instahyre,411980,Backend Developer,AiPrise,Work From Home,True,https://www.instahyre.com/job-411980-backend-developer-at-aiprise-work-from-home/,https://www.instahyre.com/job-411980-backend-developer-at-aiprise-work-from-home/,https://media.instahyre.com/images/profile/base/employer/53691/adb713e2cc/aiprise_inc_logo.webp,53691,https://www.linkedin.com/company/aiprise/about/,Banking / Financial Services,Backend Development,Full Time,Full-time,2,6,,,,"Google Cloud (GCP), Flask, CI / CD, Microservices, FastAPI, Python, SQL, Data Structures, Django, Algorithms, NoSQL, AWS","We're hiring a Software Engineer II to help build and scale the core platform behind AiPrise's compliance orchestration and AI agent systems. This is a build it, ship it, own it role. You'll take features end to end, from design to code to deploy to iterate, across our case management product, vendor integrations, orchestration APIs, and customer-facing tools. You'll be in the trenches with founders and a fast-moving team, turning messy real-world compliance problems into clean, reliable systems. If you're a hungry engineer who wants real ownership, high impact, and a product that gets used in production every day, you'll love this. This is an in-person role based in our San Jose, CA office (5 days/week). You'll work directly with our product and engineering teams to deliver high-quality features that help global fintechs fight financial crime. As an SDE2 you'll mentor junior engineers and help establish engineering best practices.
The core responsibilities for the job include the following:
Build and Own Features End-to-End:
Design, develop, and ship production features across our platform stack (backend APIs, data pipelines, integrations, and case management UI).
Own complete features from requirements gathering to implementation, deployment, and monitoring.
Build scalable REST APIs and microservices that orchestrate checks across 80+ compliance vendors (identity verification, sanctions screening, and document analysis).
Develop case management workflows and business logic for KYB/AML compliance processes.
Create data pipelines for ingesting, transforming, and routing compliance data at scale.
Integrate with third-party identity/compliance APIs and handle complex vendor response mapping.
Drive Technical Excellence:
Write clean, maintainable, well-tested code with comprehensive documentation.
Participate in code reviews and contribute to engineering best practices.
Debug production issues with urgency; own incident resolution end-to-end.
Optimize system performance, reliability, and cost-efficiency.
Build monitoring, alerting, and observability into your features.
Collaborate:
Work cross-functionally with product managers, compliance experts, and customer success teams.
Contribute to technical decision-making and architecture discussions.
Help shape engineering culture and development workflows as the team scales.
Requirements:
2-4 years of professional software engineering experience building and shipping production systems.
Strong programming fundamentals in at least one modern backend language (Python, Go, Java, Node.js, or similar).
Experience building RESTful APIs, microservices, or distributed systems.
Solid understanding of relational databases (PostgreSQL, MySQL) and data modeling.
Hands-on experience with cloud platforms (AWS preferred, GCP/Azure acceptable).
Familiarity with Git, CI/CD pipelines, Docker, and modern deployment practices.
Proven ability to own features end-to-end; you've taken projects from ambiguous requirements through production launch.
Strong debugging and problem-solving skills; comfortable working in unfamiliar codebases.
Excellent communication skills and ability to translate business needs into technical solutions.
Experience mentoring or supporting junior engineers (formal or informal).
Nice-to-Have:
Experience in FinTech, RegTech, payments, or fraud/risk detection domains.
Knowledge of compliance workflows (KYC/KYB, AML, sanctions screening, adverse media).
Experience with event-driven architectures and message queues (Kafka, RabbitMQ, AWS SQS).
Familiarity with NoSQL databases (MongoDB, DynamoDB) or search engines (Elasticsearch).
Experience integrating with third-party APIs and managing vendor relationships at scale.
Frontend development experience (React, TypeScript) for building internal tools.
Background working with ML/AI systems or data-intensive applications.
Kubernetes, Terraform, or infrastructure-as-code experience.","<p>We're hiring a Software Engineer II to help build and scale the core platform behind AiPrise's compliance orchestration and AI agent systems. This is a build it, ship it, own it role. You'll take features end to end, from design to code to deploy to iterate, across our case management product, vendor integrations, orchestration APIs, and customer-facing tools. You'll be in the trenches with founders and a fast-moving team, turning messy real-world compliance problems into clean, reliable systems. If you're a hungry engineer who wants real ownership, high impact, and a product that gets used in production every day, you'll love this. This is an in-person role based in our San Jose, CA office (5 days/week). You'll work directly with our product and engineering teams to deliver high-quality features that help global fintechs fight financial crime. As an SDE2 you'll mentor junior engineers and help establish engineering best practices.</p><p><br></p><p>The core responsibilities for the job include the following:</p><p><br></p><p><strong>Build and Own Features End-to-End: </strong></p><ul><li>Design, develop, and ship production features across our platform stack (backend APIs, data pipelines, integrations, and case management UI).</li><li>Own complete features from requirements gathering to implementation, deployment, and monitoring.</li><li>Build scalable REST APIs and microservices that orchestrate checks across 80+ compliance vendors (identity verification, sanctions screening, and document analysis).</li><li>Develop case management workflows and business logic for KYB/AML compliance processes.</li><li>Create data pipelines for ingesting, transforming, and routing compliance data at scale.</li><li>Integrate with third-party identity/compliance APIs and handle complex vendor response mapping.</li></ul><p><br></p><p><strong>Drive Technical Excellence: </strong></p><ul><li>Write clean, maintainable, well-tested code with comprehensive documentation.</li><li>Participate in code reviews and contribute to engineering best practices.</li><li>Debug production issues with urgency; own incident resolution end-to-end.</li><li>Optimize system performance, reliability, and cost-efficiency.</li><li>Build monitoring, alerting, and observability into your features.</li></ul><p><br></p><p><strong>Collaborate: </strong></p><ul><li>Work cross-functionally with product managers, compliance experts, and customer success teams.</li><li>Contribute to technical decision-making and architecture discussions.</li><li>Help shape engineering culture and development workflows as the team scales.</li></ul><p><br></p><p><strong>Requirements: </strong></p><ul><li>2-4 years of professional software engineering experience building and shipping production systems.</li><li>Strong programming fundamentals in at least one modern backend language (Python, Go, Java, Node.js, or similar).</li><li>Experience building RESTful APIs, microservices, or distributed systems.</li><li>Solid understanding of relational databases (PostgreSQL, MySQL) and data modeling.</li><li>Hands-on experience with cloud platforms (AWS preferred, GCP/Azure acceptable).</li><li>Familiarity with Git, CI/CD pipelines, Docker, and modern deployment practices.</li><li>Proven ability to own features end-to-end; you've taken projects from ambiguous requirements through production launch.</li><li>Strong debugging and problem-solving skills; comfortable working in unfamiliar codebases.</li><li>Excellent communication skills and ability to translate business needs into technical solutions.</li><li>Experience mentoring or supporting junior engineers (formal or informal).</li></ul><p><br></p><p><strong>Nice-to-Have: </strong></p><ul><li>Experience in FinTech, RegTech, payments, or fraud/risk detection domains.</li><li>Knowledge of compliance workflows (KYC/KYB, AML, sanctions screening, adverse media).</li><li>Experience with event-driven architectures and message queues (Kafka, RabbitMQ, AWS SQS).</li><li>Familiarity with NoSQL databases (MongoDB, DynamoDB) or search engines (Elasticsearch).</li><li>Experience integrating with third-party APIs and managing vendor relationships at scale.</li><li>Frontend development experience (React, TypeScript) for building internal tools.</li><li>Background working with ML/AI systems or data-intensive applications.</li><li>Kubernetes, Terraform, or infrastructure-as-code experience.</li></ul>",True,,,
instahyre,415442,Backend Developer - C++,DRIMCO GmbH,Work From Home,True,https://www.instahyre.com/job-415442-backend-developer-c-plus-plus-at-drimco-gmbh-work-from-home/,https://www.instahyre.com/job-415442-backend-developer-c-plus-plus-at-drimco-gmbh-work-from-home/,https://media.instahyre.com/images/profile/base/employer/53485/ea2a40d499/drimco_gmbh_logo.webp,53485,https://www.linkedin.com/company/drimco-gmbh/about/,Computer Software / IT / Internet,Software Engineering,Full Time,Full-time,2,6,,,,"Big Data, Java, Data Structures, C++, Algorithms","We are looking for a passionate candidate for a C++ Backend Developer role, preferably in Munich, Germany, to extend our team focusing on applied AI, improving AI products, and bringing them to customers.
Responsibilities:
Further development and maintenance of the C++-based software backend, high-quality development, and transforming industrial customers' use cases into solutions.
Use your experience and have your say in the design phase up to the final testing.
Mentoring and development of young colleagues.
High-quality implementation of logics and connections to external systems via diverse APIs.
Continuous Optimization of the Software.
Diverse development of well-founded and exciting test and development tools for the processes and challenges of development support.
Integrations with update and configuration management tools.
Requirements:
A degree or equivalent experience in computer science or a related field.
Designed/implemented server-based applications for enterprise environments with at least 6 years (senior) or 3 years (junior) experience.
Good understanding of RDBMS databases like SQL and PostgreSQL and query optimization.
Experience in backend development with C++ (or Java) and Microsoft Visual Studio.
Understanding of the latest C++ development standards.
Good knowledge of algorithms, STL containers, and data structures.
Knowledge of REST APIs, handling big data, server architecture (load balancing, multi-threading, logging, etc. ), microservices, and highly scalable, testable code.
Familiar with Solr, Lucene, and Elasticsearch engines.
Knowledge of CI/CD pipelines, code versioning, testing, and debugging tools.
Knowledge of product development methodologies and modern software design.
Knowledge of other development languages like C# and the. NET framework.
Prioritize team spirit, teamwork, and high-quality outcomes.
3+ years of work experience with enterprise product development.
3+ years of work experience with PostgreSQL.","<p>We are looking for a passionate candidate for a C++ Backend Developer role, preferably in Munich, Germany, to extend our team focusing on applied AI, improving AI products, and bringing them to customers.</p><p><br></p><p><strong>Responsibilities: </strong></p><ul><li>Further development and maintenance of the C++-based software backend, high-quality development, and transforming industrial customers' use cases into solutions.</li><li>Use your experience and have your say in the design phase up to the final testing.</li><li>Mentoring and development of young colleagues.</li><li>High-quality implementation of logics and connections to external systems via diverse APIs.</li><li>Continuous Optimization of the Software.</li><li>Diverse development of well-founded and exciting test and development tools for the processes and challenges of development support.</li><li>Integrations with update and configuration management tools.</li></ul><p><br></p><p><strong>Requirements: </strong></p><ul><li>A degree or equivalent experience in computer science or a related field.</li><li>Designed/implemented server-based applications for enterprise environments with at least 6 years (senior) or 3 years (junior) experience.</li><li>Good understanding of RDBMS databases like SQL and PostgreSQL and query optimization.</li><li>Experience in backend development with C++ (or Java) and Microsoft Visual Studio.</li><li>Understanding of the latest C++ development standards.</li><li>Good knowledge of algorithms, STL containers, and data structures.</li><li>Knowledge of REST APIs, handling big data, server architecture (load balancing, multi-threading, logging, etc. ), microservices, and highly scalable, testable code.</li><li>Familiar with Solr, Lucene, and Elasticsearch engines.</li><li>Knowledge of CI/CD pipelines, code versioning, testing, and debugging tools.</li><li>Knowledge of product development methodologies and modern software design.</li><li>Knowledge of other development languages like C# and the. NET framework.</li><li>Prioritize team spirit, teamwork, and high-quality outcomes.</li><li>3+ years of work experience with enterprise product development.</li><li>3+ years of work experience with PostgreSQL.</li></ul>",True,,,
instahyre,359541,Backend Engineer,TheraDriver,Work From Home,True,https://www.instahyre.com/job-359541-backend-engineer-at-theradriver-2-work-from-home/,https://www.instahyre.com/job-359541-backend-engineer-at-theradriver-2-work-from-home/,https://media.instahyre.com/images/profile/base/employer/43439/c81df6c229/Screenshot_2023-07-20_at_2.43.25_PM.webp,43439,https://www.linkedin.com/company/theradriver/,"Computer Software / IT / Internet, Healthcare / Hospitals, Recruitment / Staffing / HR",Software Engineering,Full Time,Full-time,1,2,,,,"Express.js, Node.js","We are looking for a Backend Developer with 1-2 years of experience in Node.js to join our growing team. You will work on building scalable backend services, APIs, and cloud-based applications using Google Cloud Platform (GCP), Google App Engine, and Google Cloud Memorystore (Redis).
Responsibilities:
Develop and maintain backend applications using Node.js (Express.js/NestJS).
Design and implement RESTful APIs and database models.
Work with Google Cloud Platform (GCP), Firebase, and Redis for backend infrastructure.
Optimize performance, security, and scalability of backend services.
Implement authentication and authorization using JWT, OAuth, and Firebase Auth.
Collaborate with frontend and DevOps teams to integrate APIs and CI/CD pipelines.
Write clean, maintainable, and well-documented code.
Debug, troubleshoot, and resolve production issues.
Requirements:
Minimum one year of hands-on experience in Node.js and backend development.
Experience with Express.js, NestJS, or similar frameworks.
Good understanding of relational databases (PostgreSQL/MySQL) and ORM tools.
Familiarity with Google Cloud (App Engine, Firebase, Cloud Functions, Memorystore for Redis).
Experience with authentication and security best practices (OAuth, JWT, API security).
Knowledge of Git, version control, and Agile methodologies.
Nice-to-Have Skills:
Experience with TypeScript.
Familiarity with microservices architecture.","<p>We are looking for a Backend Developer with 1-2 years of experience in Node.js to join our growing team. You will work on building scalable backend services, APIs, and cloud-based applications using Google Cloud Platform (GCP), Google App Engine, and Google Cloud Memorystore (Redis).</p><p><br></p><p><strong>Responsibilities: </strong></p><ul><li>Develop and maintain backend applications using Node.js (Express.js/NestJS).</li><li>Design and implement RESTful APIs and database models.</li><li>Work with Google Cloud Platform (GCP), Firebase, and Redis for backend infrastructure.</li><li>Optimize performance, security, and scalability of backend services.</li><li>Implement authentication and authorization using JWT, OAuth, and Firebase Auth.</li><li>Collaborate with frontend and DevOps teams to integrate APIs and CI/CD pipelines.</li><li>Write clean, maintainable, and well-documented code.</li><li>Debug, troubleshoot, and resolve production issues.</li></ul><p><br></p><p><strong>Requirements: </strong></p><ul><li>Minimum one year of hands-on experience in Node.js and backend development.</li><li>Experience with Express.js, NestJS, or similar frameworks.</li><li>Good understanding of relational databases (PostgreSQL/MySQL) and ORM tools.</li><li>Familiarity with Google Cloud (App Engine, Firebase, Cloud Functions, Memorystore for Redis).</li><li>Experience with authentication and security best practices (OAuth, JWT, API security).</li><li>Knowledge of Git, version control, and Agile methodologies.</li></ul><p><br></p><p><strong>Nice-to-Have Skills:</strong></p><ul><li>Experience with TypeScript.</li><li>Familiarity with microservices architecture.</li></ul>",True,,,
instahyre,421635,Backend Engineer,Everest Fleet,Work From Home,True,https://www.instahyre.com/job-421635-backend-engineer-at-everest-fleet-work-from-home/,https://www.instahyre.com/job-421635-backend-engineer-at-everest-fleet-work-from-home/,https://media.instahyre.com/images/profile/base/employer/38146/11b52c6f19/1596460624969.jfif,38146,https://www.linkedin.com/company/everest-fleet-pvt-ltd/,Freight / Logistics / Transportation,Backend Development,Full Time,Full-time,1,2,,,,"APIs, SQL, Python, Data Structures, Django","We're hiring a Backend Engineer to join our engineering team and help build the systems that power Everest Fleet's platform. You'll work on REST APIs, data pipelines, and infrastructure integrations, contributing to features that directly impact drivers, fleet operators, and enterprise clients. This is a great opportunity to work on backend systems at real-world scale, with a modern Python/Django stack on AWS.
Responsibilities:
Design, build, and maintain RESTful APIs used by our web and mobile frontends.
Write backend logic in Python using the Django / Django REST Framework stack.
Work with relational databases (PostgreSQL, MySQL), write optimized queries, design schemas, and handle migrations.
Integrate third-party services and APIs (payment gateways, communication platforms, mapping services).
Contribute to infrastructure setup and deployments on AWS (EC2 RDS, S3 Lambda).
Write unit tests and participate in code reviews to uphold code quality.
Debug production issues, interpret logs, and resolve incidents.
Collaborate with frontend engineers and product stakeholders to deliver end-to-end features.
Requirements:
1-2 years of professional backend development experience.
Solid Python fundamentals: data structures, OOP, error handling, and async patterns.
Hands-on experience with Django and Django REST Framework (DRF).
Proficiency with relational databases SQL, PostgreSQL, and/or MySQL.
Understanding of RESTful API design principles and HTTP fundamentals.
Basic familiarity with AWS services, at minimum awareness of EC2 S3 and RDS.
Experience with Git and collaborative development workflows.
Strong debugging skills and attention to detail.
Nice to have:
Experience with task queues Celery, Redis, or similar.
Familiarity with Docker and containerized deployments.
Exposure to CI/CD pipelines (GitHub Actions, AWS CodePipeline, etc. ).
Basic knowledge of AWS Lambda or serverless patterns.
Prior experience building multi-tenant SaaS or B2B platforms.
Understanding of caching strategies (Redis, Memcached).
Tech Stack:
Language: Python 3 x.
Framework: Django, Django REST Framework.
Databases: PostgreSQL, MySQL.
Cloud: AWS (EC2 RDS, S3 Lambda).
Infrastructure: Docker (preferred), Nginx.
Version Control: Git / GitHub.
Others: Celery, Redis (preferred).","<p>We're hiring a Backend Engineer to join our engineering team and help build the systems that power Everest Fleet's platform. You'll work on REST APIs, data pipelines, and infrastructure integrations, contributing to features that directly impact drivers, fleet operators, and enterprise clients. This is a great opportunity to work on backend systems at real-world scale, with a modern Python/Django stack on AWS.</p><p><br></p><p><strong>Responsibilities: </strong></p><ul><li>Design, build, and maintain RESTful APIs used by our web and mobile frontends.</li><li>Write backend logic in Python using the Django / Django REST Framework stack.</li><li>Work with relational databases (PostgreSQL, MySQL), write optimized queries, design schemas, and handle migrations.</li><li>Integrate third-party services and APIs (payment gateways, communication platforms, mapping services).</li><li>Contribute to infrastructure setup and deployments on AWS (EC2 RDS, S3 Lambda).</li><li>Write unit tests and participate in code reviews to uphold code quality.</li><li>Debug production issues, interpret logs, and resolve incidents.</li><li>Collaborate with frontend engineers and product stakeholders to deliver end-to-end features.</li></ul><p><br></p><p><strong>Requirements: </strong></p><ul><li>1-2 years of professional backend development experience.</li><li>Solid Python fundamentals: data structures, OOP, error handling, and async patterns.</li><li>Hands-on experience with Django and Django REST Framework (DRF).</li><li>Proficiency with relational databases SQL, PostgreSQL, and/or MySQL.</li><li>Understanding of RESTful API design principles and HTTP fundamentals.</li><li>Basic familiarity with AWS services, at minimum awareness of EC2 S3 and RDS.</li><li>Experience with Git and collaborative development workflows.</li><li>Strong debugging skills and attention to detail.</li></ul><p><br></p><p><strong>Nice to have: </strong></p><ul><li>Experience with task queues Celery, Redis, or similar.</li><li>Familiarity with Docker and containerized deployments.</li><li>Exposure to CI/CD pipelines (GitHub Actions, AWS CodePipeline, etc. ).</li><li>Basic knowledge of AWS Lambda or serverless patterns.</li><li>Prior experience building multi-tenant SaaS or B2B platforms.</li><li>Understanding of caching strategies (Redis, Memcached).</li></ul><p><br></p><p><strong>Tech Stack: </strong></p><ul><li>Language: Python 3 x.</li><li>Framework: Django, Django REST Framework.</li><li>Databases: PostgreSQL, MySQL.</li><li>Cloud: AWS (EC2 RDS, S3 Lambda).</li><li>Infrastructure: Docker (preferred), Nginx.</li><li>Version Control: Git / GitHub.</li><li>Others: Celery, Redis (preferred).</li></ul>",True,,,
instahyre,441490,Forward Deployed Software Engineer,HDFC Bank,Work From Home,True,https://www.instahyre.com/job-441490-forward-deployed-software-engineer-at-hdfc-bank-work-from-home/,https://www.instahyre.com/job-441490-forward-deployed-software-engineer-at-hdfc-bank-work-from-home/,https://media.instahyre.com/images/profile/base/employer/8876/0aba47793d/0.webp,8876,https://www.linkedin.com/company/hdfc-bank/,Banking / Financial Services,"Frontend Development, Full-Stack Development, Other Software Development",Full Time,Full-time,1,5,,,,"React, frontend, React.js, infrastructure, backend, TypeScript, AI","Responsibilities:
Build AiStudio's next product surfaces: Your primary job is 0-to-1 product creation. Nothing is predefined. You work with your FDPM to find where the platform can be extended to solve problems no product currently solves, then design and ship it.
Own the full stack: Data model, services and APIs, the UI, the integrations, the infrastructure. One engineer carries a feature from an empty repository to a client using it in production.
Run what you ship: Delivery does not stop at launch. You own environments, releases, migrations, monitoring and the support that follows. When something breaks at a client, you diagnose it, fix it and make sure it does not recur. Lead deep discovery: Before you write code, go deep on the business. What is structurally broken, where the unsolved value sits, and what is buildable fastest. Pressure-test your hypotheses with the people who live with the outcome.
Be a technical partner to the C-suite: Earn trust with the executives accountable for outcomes, not just their technical teams. Explain what you are building, why it will work and where the risks are.
Scale what works and stay at the frontier: Make successful builds repeatable with the core R& D team, and feed what you learn in the field back into what AiStudio builds next.
Requirements:
2 to 6 years in technical roles, with a track record of shipping and running production software end to end across backend, front-end and infrastructure.
You think like a founder: Curious about the business, scrappy and resourceful, as comfortable in a strategic discussion with a CEO as you are deep in a codebase. You have shipped products real people use.
0-to-1 build track record: You have built production software from scratch in ambiguous environments and can point to something now used at scale.
Production AI experience: Prompt engineering, agent development, evaluation frameworks and deployment at scale. Not just prototypes.
Genuine full-stack depth: Backend services and APIs, data modelling and database work (Postgres, Supabase or equivalent), and modern front-end (TypeScript, React or similar) with the design judgment to build an interface an executive will use without a manual.
Deployment and operations ownership: Cloud infrastructure, CI/CD, environments, secrets, logging and monitoring. You have kept live systems healthy, not just launched them.
Business acumen and customer instinct: You identify the real problem without being handed a brief, and build trust at every level of an organisation.
Builder's judgment: You know what is buildable, how long it takes and when to cut scope to get something real into production. Former technical founders are strongly encouraged to apply.","<p><strong>Responsibilities: </strong></p><ul><li>Build AiStudio's next product surfaces: Your primary job is 0-to-1 product creation. Nothing is predefined. You work with your FDPM to find where the platform can be extended to solve problems no product currently solves, then design and ship it.</li><li>Own the full stack: Data model, services and APIs, the UI, the integrations, the infrastructure. One engineer carries a feature from an empty repository to a client using it in production.</li><li>Run what you ship: Delivery does not stop at launch. You own environments, releases, migrations, monitoring and the support that follows. When something breaks at a client, you diagnose it, fix it and make sure it does not recur. Lead deep discovery: Before you write code, go deep on the business. What is structurally broken, where the unsolved value sits, and what is buildable fastest. Pressure-test your hypotheses with the people who live with the outcome.</li><li>Be a technical partner to the C-suite: Earn trust with the executives accountable for outcomes, not just their technical teams. Explain what you are building, why it will work and where the risks are.</li><li>Scale what works and stay at the frontier: Make successful builds repeatable with the core R&amp; D team, and feed what you learn in the field back into what AiStudio builds next.</li></ul><p><br></p><p><strong>Requirements: </strong></p><ul><li>2 to 6 years in technical roles, with a track record of shipping and running production software end to end across backend, front-end and infrastructure.</li><li>You think like a founder: Curious about the business, scrappy and resourceful, as comfortable in a strategic discussion with a CEO as you are deep in a codebase. You have shipped products real people use.</li><li>0-to-1 build track record: You have built production software from scratch in ambiguous environments and can point to something now used at scale.</li><li>Production AI experience: Prompt engineering, agent development, evaluation frameworks and deployment at scale. Not just prototypes.</li><li>Genuine full-stack depth: Backend services and APIs, data modelling and database work (Postgres, Supabase or equivalent), and modern front-end (TypeScript, React or similar) with the design judgment to build an interface an executive will use without a manual.</li><li>Deployment and operations ownership: Cloud infrastructure, CI/CD, environments, secrets, logging and monitoring. You have kept live systems healthy, not just launched them.</li><li>Business acumen and customer instinct: You identify the real problem without being handed a brief, and build trust at every level of an organisation.</li><li>Builder's judgment: You know what is buildable, how long it takes and when to cut scope to get something real into production. Former technical founders are strongly encouraged to apply.</li></ul>",True,,,
instahyre,199766,Backend Engineer (Java),Zingg,Work From Home,True,https://www.instahyre.com/job-199766-backend-engineer-java-at-zingg-work-from-home/,https://www.instahyre.com/job-199766-backend-engineer-java-at-zingg-work-from-home/,https://media.instahyre.com/images/profile/base/employer/38417/eb662e027f/1647775765036.webp,38417,https://www.linkedin.com/company/zingg-ai/about/,Computer Software / IT / Internet,Software Engineering,Full Time,Full-time,1,4,,,,Java,"Responsibilities:
Driving new features for Zingg open-source and enterprise products.
Built using Java-based Object Oriented Analysis and Design, Apache Spark, Snowpark, ML, LLMs, and other techniques.
Design classes/modules and write clean, maintainable, robust, and scalable code that others can work on, as well as be able to rapidly prototype and adjust in response to customer feedback.
Troubleshoot, debug, and fix Zingg issues.
Address user questions and feedback.
Requirements:
0-3 years of professional software development experience as a Back-end Java Engineer.
Practical experience writing reasonably complex software in Java 8+/Scala.
Demonstrated experience in solving complex product development problems.
Passionate about performance, scalability, and extensibility.
Willing to go the extra mile to build memorable experiences for customers.
Strong foundation and previous development experience in data structures, software design, and distributed and cloud architecture.
Experience with Agile development, continuous integration, and DevOps culture.
Open source experience.
Working with Linux for code development.
Experience in Docker.
Exposure to Apache Spark and Snowflake APIs.
Flair for design patterns, modular architecture, and software engineering best practices.
Strong analytical and problem-solving skills.
Ability to work independently and within a fast-paced team environment.
Strong work ethic supported by solid time-management skills.
Professional and team-oriented with strong communication skills.
Fast and enthusiastic learner.
Preferred degree in Computer Science and/or math.
NCR region candidates will be preferred.","<p><strong>Responsibilities: </strong></p><ul><li>Driving new features for Zingg open-source and enterprise products.</li><li>Built using Java-based Object Oriented Analysis and Design, Apache Spark, Snowpark, ML, LLMs, and other techniques.</li><li>Design classes/modules and write clean, maintainable, robust, and scalable code that others can work on, as well as be able to rapidly prototype and adjust in response to customer feedback.</li><li>Troubleshoot, debug, and fix Zingg issues.</li><li>Address user questions and feedback.</li></ul><p><br></p><p><strong>Requirements: </strong></p><ul><li>0-3 years of professional software development experience as a Back-end Java Engineer.</li><li>Practical experience writing reasonably complex software in Java 8+/Scala.</li><li>Demonstrated experience in solving complex product development problems.</li><li>Passionate about performance, scalability, and extensibility.</li><li>Willing to go the extra mile to build memorable experiences for customers.</li><li>Strong foundation and previous development experience in data structures, software design, and distributed and cloud architecture.</li><li>Experience with Agile development, continuous integration, and DevOps culture.</li><li>Open source experience.</li><li>Working with Linux for code development.</li><li>Experience in Docker.</li><li>Exposure to Apache Spark and Snowflake APIs.</li><li>Flair for design patterns, modular architecture, and software engineering best practices.</li><li>Strong analytical and problem-solving skills.</li><li>Ability to work independently and within a fast-paced team environment.</li><li>Strong work ethic supported by solid time-management skills.</li><li>Professional and team-oriented with strong communication skills.</li><li>Fast and enthusiastic learner.</li><li>Preferred degree in Computer Science and/or math.</li><li>NCR region candidates will be preferred.</li></ul>",True,,,
instahyre,420471,Sr. .Backend Engineer,Superlaw,Work From Home,True,https://www.instahyre.com/job-420471-sr-backend-engineer-at-superlaw-work-from-home/,https://www.instahyre.com/job-420471-sr-backend-engineer-at-superlaw-work-from-home/,https://media.instahyre.com/images/profile/base/employer/54327/1c1c07c08a/superlaw_india_logo.webp,54327,https://www.linkedin.com/company/superlaw-india/about/,"Computer Software / IT / Internet, Legal",Backend Development,Full Time,Full-time,2,5,,,,"SQL, Golang, TypeScript, Python","We are looking for a Senior Backend Developer who thrives in a fast-paced startup environment and can build scalable systems with minimal supervision.
Responsibilities:
Develop backend systems using Python.
Build APIs and data pipelines.
Work with SQL and NoSQL databases.
Collaborate with cross-functional teams.
Ensure performance and scalability.
Participate in system design discussions.
Requirements:
Strong Python experience.
Strong SQL and NoSQL knowledge.
Exposure to Golang/TypeScript.
Strong problem-solving skills.
Ability to work independently.
Good to Have:
RAG experience.
Document processing lifecycle knowledge.
Startup experience.",<p>We are looking for a Senior Backend Developer who thrives in a fast-paced startup environment and can build scalable systems with minimal supervision.</p><p><br></p><p><strong>Responsibilities: </strong></p><ul><li>Develop backend systems using Python.</li><li>Build APIs and data pipelines.</li><li>Work with SQL and NoSQL databases.</li><li>Collaborate with cross-functional teams.</li><li>Ensure performance and scalability.</li><li>Participate in system design discussions.</li></ul><p><br></p><p><strong>Requirements: </strong></p><ul><li>Strong Python experience.</li><li>Strong SQL and NoSQL knowledge.</li><li>Exposure to Golang/TypeScript.</li><li>Strong problem-solving skills.</li><li>Ability to work independently.</li></ul><p><br></p><p><strong>Good to Have: </strong></p><ul><li>RAG experience.</li><li>Document processing lifecycle knowledge.</li><li>Startup experience.</li></ul>,True,,,
instahyre,430192,AI Engineer - Backend,Meraki Labs,Work From Home,True,https://www.instahyre.com/job-430192-ai-engineer-backend-at-meraki-labs-work-from-home/,https://www.instahyre.com/job-430192-ai-engineer-backend-at-meraki-labs-work-from-home/,https://media.instahyre.com/images/profile/base/employer/31255/2cabccd62e/1614231041988.webp,31255,https://www.linkedin.com/company/merakilabsindia/about/,"Banking / Financial Services, Computer Software / IT / Internet, Market Research / Analytics",Backend Development,Full Time,Full-time,2,6,,,,"Generative AI, Java, Chatbots, Agentic AI, Python, LLMs, Prompt Engineering, OCR","We're looking for an AI engineer to own the loop that turns real-world patient interactions into better AI agents, from eval infrastructure to production-grade systems. You'll own the systems that make our agents smarter with every patient interaction, from the voice AI that activates patients and handles calls to insurance, vendors, and providers, to the autonomous workflows that orchestrate end-to-end care delivery. You'll work directly with the founders to build production systems that learn and improve from real-world usage. You'll design the eval pipelines, capture the right signals from product usage, and create the reinforcement learning loops that drive continuous quality improvement across every agent we ship. If you've built AI systems that get better with usage and want to apply that experience to healthcare, where every improvement directly impacts patient outcomes, we'd love to talk.
Responsibilities:
Launch and scale high-quality AI agents.
Build and deploy voice AI for automating patient activation and outbound calls to insurance, vendors, and providers.
Design individual agents that orchestrate end-to-end workflows such as DME delivery, prior authorisations, and care coordination.
Build copilots that assist and nudge advocates in real time.
Build the eval and reinforcement learning pipeline.
Set up the evaluation infrastructure that measures agent quality across every interaction.
Capture the right data from product usage, build the feedback loop, and implement RL pipelines so that agent performance improves continuously with real-world usage.
Create the usage-driven product improvement flywheel.
Scale AI Nurse by composing multiple agents.
Bring together voice, workflow, and copilot agents into a unified AI Nurse experience.
Ensure that as we scale, each agent reinforces the others through shared learning and a consistent improvement loop.
Ship fast and iterate with real users.
Deploy to production, monitor how agents perform with actual patients, and improve based on real conversations.
Own the tight loop from usage data to system-level improvements.
Shape the technical roadmap.
Work with the founders to decide what to build next.
Bring deep knowledge of what's possible with current AI capabilities and help us make smart bets on where the technology is heading.
Lay the foundation for scale.
Make architectural decisions that will hold up as we grow from hundreds of patients to hundreds of thousands.
Document systems, establish best practices, and build with the next engineer in mind.
Requirements:
You've built AI agents or LLM-powered systems from scratch and shipped them to production, not just demos, but systems handling real interactions with real users at scale.
You have hands-on experience building evaluation pipelines for AI systems, designing metrics, capturing signals from production usage, and using that data to systematically improve agent quality.
You have experience with reinforcement learning from human feedback (RLHF), reward modelling, or other feedback-driven improvement loops for LLM-based systems.
You've monitored and debugged AI systems in production, you know what it takes to keep agents reliable when they're interacting with real people. You're comfortable with ambiguity.
The playbook doesn't exist yet, and you're excited to build it.
Nice to Have:
Experience in healthcare, health tech, or regulated industries (HIPAA, PHI handling).
Familiarity with Medicare, insurance workflows, or clinical operations.
Experience with voice AI systems, speech-to-text, text-to-speech, and real-time voice orchestration.
Background in RAG systems, vector databases, and knowledge retrieval pipelines.
Contributions to open-source AI projects or a portfolio of side projects that show your range.
Good to Have:
Beyond technical skills, we're looking for someone who embodies the attributes that make great engineers at an early-stage company.
Proactive. You move quickly and take a forceful stand without being abrasive.
You act without being told what to do and bring new ideas to the company.
Analytically sharp. You structure and process qualitative or quantitative data and draw penetrating insights.
You learn quickly and absorb new information with ease.
High standards with attention to detail. You expect nothing short of the best from yourself and your team.
You don't let important details slip through the cracks or derail a project.
Passionate and open. You exhibit enthusiasm and a can-do attitude toward your work.
You solicit feedback often and react calmly to criticism or negative feedback.","<p>We're looking for an AI engineer to own the loop that turns real-world patient interactions into better AI agents, from eval infrastructure to production-grade systems. You'll own the systems that make our agents smarter with every patient interaction, from the voice AI that activates patients and handles calls to insurance, vendors, and providers, to the autonomous workflows that orchestrate end-to-end care delivery. You'll work directly with the founders to build production systems that learn and improve from real-world usage. You'll design the eval pipelines, capture the right signals from product usage, and create the reinforcement learning loops that drive continuous quality improvement across every agent we ship. If you've built AI systems that get better with usage and want to apply that experience to healthcare, where every improvement directly impacts patient outcomes, we'd love to talk.</p><p><br></p><p><strong>Responsibilities: </strong></p><ul><li>Launch and scale high-quality AI agents.</li><li>Build and deploy voice AI for automating patient activation and outbound calls to insurance, vendors, and providers.</li><li>Design individual agents that orchestrate end-to-end workflows such as DME delivery, prior authorisations, and care coordination.</li><li>Build copilots that assist and nudge advocates in real time.</li><li>Build the eval and reinforcement learning pipeline.</li><li>Set up the evaluation infrastructure that measures agent quality across every interaction.</li><li>Capture the right data from product usage, build the feedback loop, and implement RL pipelines so that agent performance improves continuously with real-world usage.</li><li>Create the usage-driven product improvement flywheel.</li><li>Scale AI Nurse by composing multiple agents.</li><li>Bring together voice, workflow, and copilot agents into a unified AI Nurse experience.</li><li>Ensure that as we scale, each agent reinforces the others through shared learning and a consistent improvement loop.</li><li>Ship fast and iterate with real users.</li><li>Deploy to production, monitor how agents perform with actual patients, and improve based on real conversations.</li><li>Own the tight loop from usage data to system-level improvements.</li><li>Shape the technical roadmap.</li><li>Work with the founders to decide what to build next.</li><li>Bring deep knowledge of what's possible with current AI capabilities and help us make smart bets on where the technology is heading.</li><li>Lay the foundation for scale.</li><li>Make architectural decisions that will hold up as we grow from hundreds of patients to hundreds of thousands.</li><li>Document systems, establish best practices, and build with the next engineer in mind.</li></ul><p><br></p><p><strong>Requirements: </strong></p><ul><li>You've built AI agents or LLM-powered systems from scratch and shipped them to production, not just demos, but systems handling real interactions with real users at scale.</li><li>You have hands-on experience building evaluation pipelines for AI systems, designing metrics, capturing signals from production usage, and using that data to systematically improve agent quality.</li><li>You have experience with reinforcement learning from human feedback (RLHF), reward modelling, or other feedback-driven improvement loops for LLM-based systems.</li><li>You've monitored and debugged AI systems in production, you know what it takes to keep agents reliable when they're interacting with real people. You're comfortable with ambiguity.</li><li>The playbook doesn't exist yet, and you're excited to build it.</li></ul><p><br></p><p><strong>Nice to Have: </strong></p><ul><li>Experience in healthcare, health tech, or regulated industries (HIPAA, PHI handling).</li><li>Familiarity with Medicare, insurance workflows, or clinical operations.</li><li>Experience with voice AI systems, speech-to-text, text-to-speech, and real-time voice orchestration.</li><li>Background in RAG systems, vector databases, and knowledge retrieval pipelines.</li><li>Contributions to open-source AI projects or a portfolio of side projects that show your range.</li></ul><p><br></p><p><strong>Good to Have: </strong></p><ul><li>Beyond technical skills, we're looking for someone who embodies the attributes that make great engineers at an early-stage company.</li><li>Proactive. You move quickly and take a forceful stand without being abrasive.</li><li>You act without being told what to do and bring new ideas to the company.</li><li>Analytically sharp. You structure and process qualitative or quantitative data and draw penetrating insights.</li><li>You learn quickly and absorb new information with ease.</li><li>High standards with attention to detail. You expect nothing short of the best from yourself and your team.</li><li>You don't let important details slip through the cracks or derail a project.</li><li>Passionate and open. You exhibit enthusiasm and a can-do attitude toward your work.</li><li>You solicit feedback often and react calmly to criticism or negative feedback.</li></ul>",True,,,
instahyre,430194,AI Engineer - Backend,Meraki Labs,"Mumbai, Work From Home",True,https://www.instahyre.com/job-430194-ai-engineer-backend-at-meraki-labs-mumbai-work-from-home/,https://www.instahyre.com/job-430194-ai-engineer-backend-at-meraki-labs-mumbai-work-from-home/,https://media.instahyre.com/images/profile/base/employer/31255/2cabccd62e/1614231041988.webp,31255,https://www.linkedin.com/company/merakilabsindia/about/,"Banking / Financial Services, Computer Software / IT / Internet, Market Research / Analytics",Backend Development,Full Time,Full-time,1,3,,,,"Generative AI, Java, Chatbots, NLP, LLMs, Golang","Responsibilities:
Launch and scale high-quality AI agents.
Build and deploy voice AI for automating patient activation and outbound calls to insurance, vendors, and providers.
Design individual agents that orchestrate end-to-end workflows such as DME delivery, prior authorisations, and care coordination.
Build copilots that assist and nudge advocates in real time.
Build the eval and reinforcement learning pipeline.
Set up the evaluation infrastructure that measures agent quality across every interaction.
Capture the right data from product usage, build the feedback loop, and implement RL pipelines so that agent performance improves continuously with real-world usage.
Create the usage-driven product improvement flywheel.
Scale AI Nurse by composing multiple agents.
Bring together voice, workflow, and copilot agents into a unified AI Nurse experience.
Ensure that as we scale, each agent reinforces the others through shared learning and a consistent improvement loop.
Ship fast and iterate with real users.
Deploy to production, monitor how agents perform with actual patients, and improve based on real conversations.
Own the tight loop from usage data to system-level improvements.
Shape the technical roadmap.
Work with the founders to decide what to build next.
Bring deep knowledge of what's possible with current AI capabilities and help us make smart bets on where the technology is heading.
Lay the foundation for scale.
Make architectural decisions that will hold up as we grow from hundreds of patients to hundreds of thousands.
Document systems, establish best practices, and build with the next engineer in mind.
Requirements:
You've built AI agents or LLM-powered systems from scratch and shipped them to production, not just demos, but systems handling real interactions with real users at scale.
You have hands-on experience building evaluation pipelines for AI systems, designing metrics, capturing signals from production usage, and using that data to systematically improve agent quality.
You have experience with reinforcement learning from human feedback (RLHF), reward modelling, or other feedback-driven improvement loops for LLM-based systems.
You've monitored and debugged AI systems in production, you know what it takes to keep agents reliable when they're interacting with real people.
You're comfortable with ambiguity.
The playbook doesn't exist yet, and you're excited to build it.
Nice to Have:
Experience in healthcare, health tech, or regulated industries (HIPAA, PHI handling).
Familiarity with Medicare, insurance workflows, or clinical operations.
Experience with voice AI systems, speech-to-text, text-to-speech, and real-time voice orchestration.
Background in RAG systems, vector databases, and knowledge retrieval pipelines.
Contributions to open-source AI projects or a portfolio of side projects that show your range.","<p><strong>Responsibilities: </strong></p><ul><li>Launch and scale high-quality AI agents.</li><li>Build and deploy voice AI for automating patient activation and outbound calls to insurance, vendors, and providers.</li><li>Design individual agents that orchestrate end-to-end workflows such as DME delivery, prior authorisations, and care coordination.</li><li>Build copilots that assist and nudge advocates in real time.</li><li>Build the eval and reinforcement learning pipeline.</li><li>Set up the evaluation infrastructure that measures agent quality across every interaction.</li><li>Capture the right data from product usage, build the feedback loop, and implement RL pipelines so that agent performance improves continuously with real-world usage.</li><li>Create the usage-driven product improvement flywheel.</li><li>Scale AI Nurse by composing multiple agents.</li><li>Bring together voice, workflow, and copilot agents into a unified AI Nurse experience.</li><li>Ensure that as we scale, each agent reinforces the others through shared learning and a consistent improvement loop.</li><li>Ship fast and iterate with real users.</li><li>Deploy to production, monitor how agents perform with actual patients, and improve based on real conversations.</li><li>Own the tight loop from usage data to system-level improvements.</li><li>Shape the technical roadmap.</li><li>Work with the founders to decide what to build next.</li><li>Bring deep knowledge of what's possible with current AI capabilities and help us make smart bets on where the technology is heading.</li><li>Lay the foundation for scale.</li><li>Make architectural decisions that will hold up as we grow from hundreds of patients to hundreds of thousands.</li><li>Document systems, establish best practices, and build with the next engineer in mind.</li></ul><p><br></p><p><strong>Requirements: </strong></p><ul><li>You've built AI agents or LLM-powered systems from scratch and shipped them to production, not just demos, but systems handling real interactions with real users at scale.</li><li>You have hands-on experience building evaluation pipelines for AI systems, designing metrics, capturing signals from production usage, and using that data to systematically improve agent quality.</li><li>You have experience with reinforcement learning from human feedback (RLHF), reward modelling, or other feedback-driven improvement loops for LLM-based systems.</li><li>You've monitored and debugged AI systems in production, you know what it takes to keep agents reliable when they're interacting with real people.</li><li>You're comfortable with ambiguity.</li><li>The playbook doesn't exist yet, and you're excited to build it.</li></ul><p><br></p><p><strong>Nice to Have: </strong></p><ul><li>Experience in healthcare, health tech, or regulated industries (HIPAA, PHI handling).</li><li>Familiarity with Medicare, insurance workflows, or clinical operations.</li><li>Experience with voice AI systems, speech-to-text, text-to-speech, and real-time voice orchestration.</li><li>Background in RAG systems, vector databases, and knowledge retrieval pipelines.</li><li>Contributions to open-source AI projects or a portfolio of side projects that show your range.</li></ul>",True,,,
instahyre,360571,SDE 1 (Backend),Swiggy,Work From Home,True,https://www.instahyre.com/job-360571-sde-1-backend-at-swiggy-work-from-home/,https://www.instahyre.com/job-360571-sde-1-backend-at-swiggy-work-from-home/,https://media.instahyre.com/images/profile/base/employer/458/4b07abd054/swiggy.webp,458,https://www.linkedin.com/company/swiggy-in,Computer Software / IT / Internet,Backend Development,Full Time,Full-time,1,3,,,,"Java, Python, Data Structures, Spring, Algorithms, Golang, MySQL","Responsibilities:
Enable best practices to help the team achieve their technical tasks and continually thrive in improving the technology of the product/team.
Drive the adoption of best practices and regular participation in code reviews, design reviews, and architecture discussions.
Experiment with new and relevant technologies, and tools, and drive innovation and adoption while measuring yourself on the impact you can create.
Implementation of long-term technology vision for your team.
Responsible for the complete architecture of your product.
Creating architectures and designs for new solutions around existing/new areas.
Decide technology and tool choices for your team and be responsible for them.
Requirements:
Technically hands-on, with deep-dive expertise in designing and developing real-time internet applications or high-scale SAAS applications.
1-3 years of experience in developing products with at least a couple of years in leading a team.
Excellent command over Data Structures and Algorithms.
Exceptional coding skills in an Object-Oriented programming language (Java/ Golang).
Strong problem-solving and analytical skills.
Experience with web technologies Java, Spring, Python, Linux, Apache, MySQL, Solr, Memcache, and Redis.
Experience with high-performance services catering to millions of daily traffic is a plus.","<p><strong>Responsibilities: </strong></p><ul><li>Enable best practices to help the team achieve their technical tasks and continually thrive in improving the technology of the product/team.</li><li>Drive the adoption of best practices and regular participation in code reviews, design reviews, and architecture discussions.</li><li>Experiment with new and relevant technologies, and tools, and drive innovation and adoption while measuring yourself on the impact you can create.</li><li>Implementation of long-term technology vision for your team.</li><li>Responsible for the complete architecture of your product.</li><li>Creating architectures and designs for new solutions around existing/new areas.</li><li>Decide technology and tool choices for your team and be responsible for them.</li></ul><p><br></p><p><strong>Requirements: </strong></p><ul><li>Technically hands-on, with deep-dive expertise in designing and developing real-time internet applications or high-scale SAAS applications.</li><li>1-3 years of experience in developing products with at least a couple of years in leading a team.</li><li>Excellent command over Data Structures and Algorithms.</li><li>Exceptional coding skills in an Object-Oriented programming language (Java/ Golang).</li><li>Strong problem-solving and analytical skills.</li><li>Experience with web technologies Java, Spring, Python, Linux, Apache, MySQL, Solr, Memcache, and Redis.</li><li>Experience with high-performance services catering to millions of daily traffic is a plus.</li></ul>",True,,,
